{"count":1,"gauges":{},"self":18.0958768,"total":18.126099,"children":{"AgentResetIfDone":{"count":885,"self":0.009108,"total":0.009108,"children":null},"AgentSendState":{"count":885,"self":0.004162,"total":0.0052039999999999994,"children":{"CollectObservations":{"count":89,"self":0.001042,"total":0.001042,"children":null}}},"DecideAction":{"count":885,"self":0.0058439999999999994,"total":0.0058439999999999994,"children":null},"AcademyStep":{"count":885,"self":0.00214,"total":0.00214,"children":null},"AgentAct":{"count":885,"self":0.006841,"total":0.006841,"children":null}}}